solution_id,Time,Error,Vibration,chromosome_row,weight_1,weight_2,weight_3,weight_4,weight_5,weight_6,weight_7,weight_8,weight_9,weight_10,weight_11,weight_12,weight_13,weight_14,weight_15,weight_16,weight_17,weight_18,weight_19,weight_20,weight_21,weight_22,weight_23,weight_24,time_node_1,time_node_2,time_node_3,time_node_4,time_node_5,time_node_6,time_node_7,time_node_8,time_node_9,endpoint_jerk_utilization
1,79.2516567049624,0.0809703571564893,0.231564572252993,1,1,1,1,1,1,1,1,1,1,1,1,1,1,1,1,1,1,1,1,1,1,1,1,1,1,1,1,1,1,1,1,1,1,0
2,79.2516567049624,0.0809703571564893,0.231564572252993,2,1,1,1,1,1,1,1,1,1,1,1,1,1,1,1,1,1,1,1,1,1,1,1,1,1.414,1.509,1.492,1.071,1.387,0.805,1.447,0.638,0.932,0
3,79.2516567049624,0.0809703571564893,0.231564572252993,3,1,1,1,1,1,1,1,1,1,1,1,1,1,1,1,1,1,1,1,1,1,1,1,1,1.302,0.869,1.502,0.906,1.207,1.439,1.669,1.751,1.257,0
4,79.2516567049624,0.0809703571564893,0.231564572252993,4,1,1,1,1,1,1,1,1,1,1,1,1,1,1,1,1,1,1,1,1,1,1,1,1,1.237,1.535,1.721,0.756,1.283,1.163,0.614,1.005,0.795,0
5,79.2516567049624,0.0809703571564893,0.231564572252993,5,1,1,1,1,1,1,1,1,1,1,1,1,1,1,1,1,1,1,1,1,1,1,1,1,0.701,1.08,0.912,1.56,1.118,1.693,0.818,0.917,0.775,0
6,79.2516567049624,0.0809703571564893,0.231564572252993,6,1,1,1,1,1,1,1,1,1,1,1,1,1,1,1,1,1,1,1,1,1,1,1,1,1.536,1.068,0.89,1.085,0.716,0.758,1.73,1.747,1.29,0
7,79.2516567049624,0.0809703571564893,0.231564572252993,7,1,1,1,1,1,1,1,1,1,1,1,1,1,1,1,1,1,1,1,1,1,1,1,1,1.136,0.968,1.21,1.213,1.581,1.554,1.373,1.054,1.574,0
8,79.2516567049624,0.0809703571564893,0.231564572252993,8,1,1,1,1,1,1,1,1,1,1,1,1,1,1,1,1,1,1,1,1,1,1,1,1,0.91,1.09,1.314,0.915,1.323,1.453,0.866,0.741,0.956,0
9,79.2516567049624,0.0809703571564893,0.231564572252993,9,1,1,1,1,1,1,1,1,1,1,1,1,1,1,1,1,1,1,1,1,1,1,1,1,1.696,1.555,0.718,0.914,1.002,1.416,0.764,1.465,0.728,0
10,79.2516567049624,0.0809703571564893,0.231564572252993,10,1,1,1,1,1,1,1,1,1,1,1,1,1,1,1,1,1,1,1,1,1,1,1,1,1.774,1.455,1.201,1.165,0.672,1.418,0.651,0.686,1.226,0
11,79.2516567049624,0.0809703571564893,0.231564572252993,11,1,1,1,1,1,1,1,1,1,1,1,1,1,1,1,1,1,1,1,1,1,1,1,1,0.95,1.118,0.619,1.781,0.801,0.727,1.047,0.838,1.188,0
12,79.2516567049624,0.0809703571564893,0.231564572252993,12,1,1,1,1,1,1,1,1,1,1,1,1,1,1,1,1,1,1,1,1,1,1,1,1,0.829,1.043,1.153,1.778,0.788,1.627,1.374,1.052,0.829,0
13,79.2516567049624,0.0809703571564893,0.231564572252993,13,1,1,1,1,1,1,1,1,1,1,1,1,1,1,1,1,1,1,1,1,1,1,1,1,0.794,0.815,1.107,0.713,1.318,1.165,1.435,1.44,1.366,0
14,79.2516567049624,0.0809703571564893,0.231564572252993,14,1,1,1,1,1,1,1,1,1,1,1,1,1,1,1,1,1,1,1,1,1,1,1,1,1.365,1.749,0.889,1.411,0.947,1.406,1.434,0.682,0.906,0
15,79.2516567049624,0.0809703571564893,0.231564572252993,15,1,1,1,1,1,1,1,1,1,1,1,1,1,1,1,1,1,1,1,1,1,1,1,1,0.83,1.486,0.891,1.701,0.923,1.519,0.826,0.945,0.709,0
16,79.2516567049624,0.0809703571564893,0.231564572252993,16,1,1,1,1,1,1,1,1,1,1,1,1,1,1,1,1,1,1,1,1,1,1,1,1,1.299,1.249,1.644,0.918,0.982,0.743,1.728,1.375,1.175,0
17,79.2516567049624,0.0809703571564893,0.231564572252993,17,1,1,1,1,1,1,1,1,1,1,1,1,1,1,1,1,1,1,1,1,1,1,1,1,1.633,1.182,1.072,1.406,1.49,1.224,1.017,0.78,1.303,0
18,79.2516567049624,0.0809703571564893,0.231564572252993,18,1,1,1,1,1,1,1,1,1,1,1,1,1,1,1,1,1,1,1,1,1,1,1,1,1.053,0.859,1.548,1.739,0.993,1.406,1.126,1.6,1.523,0
19,79.2516567049624,0.0809703571564893,0.231564572252993,19,1,1,1,1,1,1,1,1,1,1,1,1,1,1,1,1,1,1,1,1,1,1,1,1,1.716,1.436,1.299,1.578,1.655,1.787,0.601,1.639,1.335,0
20,79.2516567049624,0.0809703571564893,0.231564572252993,20,1,1,1,1,1,1,1,1,1,1,1,1,1,1,1,1,1,1,1,1,1,1,1,1,1.635,1.181,1.614,0.851,1.263,1.356,0.638,1.338,1.035,0
